date,henry_hub,ttf,ttf_is_reconstructed,jkm,freight_atlantic,freight_pacific
1997-01-01,3.45,3.0,False,4.29,,
1997-02-01,2.15,2.94444444444444,False,4.4,,
1997-03-01,1.89,2.76000001695421,False,4.11,,
1997-04-01,2.03,2.72999996609158,False,3.72,,
1997-05-01,2.25,2.72999996609158,False,3.73,,
1997-06-01,2.2,2.72999996609158,False,3.66,,
1997-07-01,2.19,2.59999995761447,False,3.5,,
1997-08-01,2.49,2.59999995761447,False,3.43,,
1997-09-01,2.88,2.59999995761447,False,3.5,,
1997-10-01,3.07,2.44999991522895,False,3.5,,
1997-11-01,3.01,2.44999991522895,False,3.63,,
1997-12-01,2.35,2.44999991522895,False,3.66,,
1998-01-01,2.09,2.48999998304579,False,3.46,,
1998-02-01,2.23,2.48999998304579,False,2.98,,
1998-03-01,2.24,2.48999998304579,False,2.81,,
1998-04-01,2.43,2.36999999152289,False,2.61,,
1998-05-01,2.14,2.36999999152289,False,2.67,,
1998-06-01,2.17,2.36999999152289,False,2.66,,
1998-07-01,2.17,2.20999993218316,False,2.57,,
1998-08-01,1.85,2.20999993218316,False,2.57,,
1998-09-01,2.02,2.20999993218316,False,2.65,,
1998-10-01,1.91,1.91000005933974,False,2.76,,
1998-11-01,2.12,1.91000005933974,False,2.67,,
1998-12-01,1.72,1.91000005933974,False,2.64,,
1999-01-01,1.85,1.78888888888889,False,2.64,,
1999-02-01,1.77,1.78888888888889,False,2.57,,
1999-03-01,1.79,1.78888888888889,False,2.61,,
1999-04-01,2.15,1.67,False,2.68,,
1999-05-01,2.26,1.67,False,3.02,,
1999-06-01,2.3,1.67,False,3.19,,
1999-07-01,2.31,1.73,False,3.23,,
1999-08-01,2.8,1.73,False,3.52,,
1999-09-01,2.55,1.73,False,3.83,,
1999-10-01,2.73,2.03888888888889,False,4.14,,
1999-11-01,2.37,2.03888888888889,False,4.25,,
1999-12-01,2.36,2.03888888888889,False,4.43,,
2000-01-01,2.42,3.05555555555556,False,4.54,,
2000-02-01,2.66,3.05555555555556,False,4.58,,
2000-03-01,2.79,3.05555555555556,False,4.95,,
2000-04-01,3.04,3.24,False,5.08,,
2000-05-01,3.59,3.24,False,4.58,,
2000-06-01,4.29,3.24,False,5.14,,
2000-07-01,3.99,3.59,False,5.38,,
2000-08-01,4.43,3.59,False,5.51,,
2000-09-01,5.06,3.59,False,5.56,,
2000-10-01,5.02,3.93,False,5.92,,
2000-11-01,5.52,3.93,False,5.86,,
2000-12-01,8.9,3.93,False,5.72,,
2001-01-01,8.17,4.22,False,4.98,,
2001-02-01,5.61,4.22,False,4.66,,
2001-03-01,5.23,4.22,False,4.85,,
2001-04-01,5.19,4.26,False,4.79,,
2001-05-01,4.19,4.26,False,4.95,,
2001-06-01,3.72,4.26,False,5.11,,
2001-07-01,3.11,3.78,False,5.05,,
2001-08-01,2.97,3.78,False,4.73,,
2001-09-01,2.19,3.78,False,4.63,,
2001-10-01,2.46,3.24,False,4.65,,
2001-11-01,2.34,3.24,False,3.95,,
2001-12-01,2.3,3.21857142857142,False,3.68,,
2002-01-01,2.32,2.79,False,3.57,,
2002-02-01,2.32,2.79,False,3.64,,
2002-03-01,3.03,2.79,False,3.69,,
2002-04-01,3.43,2.56,False,4.07,,
2002-05-01,3.5,2.56,False,4.44,,
2002-06-01,3.26,2.56,False,4.53,,
2002-07-01,2.99,2.52,False,5.76,,
2002-08-01,3.09,2.52,False,4.52,,
2002-09-01,3.55,2.53238095238095,False,4.63,,
2002-10-01,4.13,2.78,False,4.76,,
2002-11-01,4.04,2.78,False,4.8,,
2002-12-01,4.74,2.81363636363636,False,4.71,,
2003-01-01,5.43,3.15,False,5.01,,
2003-02-01,7.71,3.15,False,5.31,,
2003-03-01,5.93,3.17037037037036,False,5.44,,
2003-04-01,5.26,3.57777777777778,False,5.18,,
2003-05-01,5.81,3.57777777777778,False,4.87,,
2003-06-01,5.82,3.58,False,4.7,,
2003-07-01,5.03,3.61,False,4.67,,
2003-08-01,4.99,3.61,False,4.75,,
2003-09-01,4.62,3.61,False,4.93,,
2003-10-01,4.63,3.6,False,4.82,,
2003-11-01,4.47,3.6,False,5.05,,
2003-12-01,6.13,3.6,False,5.04,,
2004-01-01,6.14,3.39,False,5.14,,
2004-02-01,5.37,3.39,False,5.2,,
2004-03-01,5.39,3.39,False,5.29,,
2004-04-01,5.71,3.48,False,5.5,,
2004-05-01,6.33,3.48,False,5.47,,
2004-06-01,6.27,3.48,False,5.88,,
2004-07-01,5.93,3.81,False,5.73,,
2004-08-01,5.41,3.81,False,5.9,,
2004-09-01,5.15,3.81,False,6.44,,
2004-10-01,6.35,4.34,False,6.66,,
2004-11-01,6.17,4.34,False,6.94,,
2004-12-01,6.58,4.34,False,6.54,,
2005-01-01,6.15,5.06,False,5.82,,
2005-02-01,6.14,5.06,False,6.1,,
2005-03-01,6.96,5.06,False,6.46,,
2005-04-01,7.16,5.51,False,7.04,,
2005-05-01,6.47,5.51,False,7.22,,
2005-06-01,7.18,5.51,False,6.55,,
2005-07-01,7.63,6.13,False,7.06,,
2005-08-01,9.53,6.13,False,7.22,,
2005-09-01,11.75,6.13,False,7.71,,
2005-10-01,13.42,6.96,False,8.01,,
2005-11-01,10.3,6.96,False,8.11,,
2005-12-01,13.05,6.96,False,7.09,,
2006-01-01,8.69,7.66,False,7.34,,
2006-02-01,7.54,7.66,False,7.89,,
2006-03-01,6.89,7.66,False,7.91,,
2006-04-01,7.16,8.14,False,7.81,,
2006-05-01,6.25,8.14,False,8.56,,
2006-06-01,6.21,8.14,False,8.64,,
2006-07-01,6.17,8.4,False,8.51,,
2006-08-01,7.14,8.4,False,8.37,,
2006-09-01,4.9,8.4,False,8.83,,
2006-10-01,5.85,8.65,False,7.94,,
2006-11-01,7.41,8.65,False,7.5,,
2006-12-01,6.73,8.65,False,7.29,,
2007-01-01,6.55,8.39,False,7.66,,
2007-02-01,8,8.39,False,7.17,,
2007-03-01,7.11,8.39,False,7.36,,
2007-04-01,7.6,7.83,False,7.72,,
2007-05-01,7.64,7.83,False,8.21,,
2007-06-01,7.35,7.83,False,8.48,,
2007-07-01,6.22,7.79,False,8.22,,
2007-08-01,6.22,7.79,False,8.61,,
2007-09-01,6.08,7.79,False,8.55,,
2007-10-01,6.74,8.56,False,9.16,,
2007-11-01,7.1,8.56,False,9.52,,
2007-12-01,7.11,8.56,False,10.27,,
2008-01-01,7.99,10.27,False,10.5,,
2008-02-01,8.54,10.27,False,10.75,,
2008-03-01,9.41,10.27,False,10.63,,
2008-04-01,10.18,11.9,False,11.48,,
2008-05-01,11.27,11.9,False,12.3,,
2008-06-01,12.69,11.9,False,13.31,,
2008-07-01,11.09,14.36,False,14.08,,
2008-08-01,8.26,14.36,False,13.81,,
2008-09-01,7.67,14.36,False,12.6,,
2008-10-01,6.74,16.02,False,13.15,,
2008-11-01,6.68,16.02,False,9.1,,
2008-12-01,5.82,16.02,False,7.38,,
2009-01-01,5.24,16.02,False,6.03,,
2009-02-01,4.52,14.47,False,5.83,,
2009-03-01,3.96,11.47,False,6.25,,
2009-04-01,3.5,8.6,False,6.47,,
2009-05-01,3.83,8.6,False,6.79,,
2009-06-01,3.8,8.6,False,6.97,,
2009-07-01,3.38,6.79,False,8.05,,
2009-08-01,3.14,6.18,False,8.48,,
2009-09-01,2.99,6.18,False,8.55,,
2009-10-01,4.01,6.45,False,8.75,,
2009-11-01,3.66,6.45,False,8.56,,
2009-12-01,5.35,6.45,False,9.16,,
2010-01-01,5.83,7.59,False,9.34,,
2010-02-01,5.32,7.59,False,9.01,,
2010-03-01,4.29,7.59,False,9.17,,
2010-04-01,4.03,8.35,False,9.34,,
2010-05-01,4.14,7.87,False,10.04,,
2010-06-01,4.8,8.06,False,9.28,,
2010-07-01,4.63,8.48,False,9.09,,
2010-08-01,4.32,8.57,False,8.85,,
2010-09-01,3.89,8.49,False,8.98,,
2010-10-01,3.43,8.64,False,9.52,,
2010-11-01,3.71,8.71,False,10.0,,
2010-12-01,4.25,8.73,False,9.95,,
2011-01-01,4.49,9.19,False,10.81,,
2011-02-01,4.09,9.14,False,11.89,,
2011-03-01,3.97,9.12,False,12.18,,
2011-04-01,4.24,10.03,False,14.41,,
2011-05-01,4.31,10.02,False,15.75,,
2011-06-01,4.54,10.0,False,16.29,,
2011-07-01,4.42,11.2,False,16.29,,
2011-08-01,4.06,11.11,False,17.7,,
2011-09-01,3.9,11.11,False,17.78,,
2011-10-01,3.57,12.11,False,17.6,,
2011-11-01,3.24,12.02,False,17.89,,
2011-12-01,3.17,12.11,False,18.05,,
2012-01-01,2.67,12.33,False,17.46,,
2012-02-01,2.51,12.22,False,16.71,,
2012-03-01,2.17,12.51,False,18.42,,
2012-04-01,1.95,12.57,False,19.57,,
2012-05-01,2.43,12.57,False,18.33,,
2012-06-01,2.46,12.56,False,19.38,,
2012-07-01,2.95,11.38,False,19.1,,
2012-08-01,2.84,11.4,False,18.39,,
2012-09-01,2.85,11.38,False,18.76,,
2012-10-01,3.32,11.57,False,17.27,,
2012-11-01,3.54,11.64,False,16.83,,
2012-12-01,3.34,11.64,False,17.52,,
2013-01-01,3.33,11.39,False,17.79,,
2013-02-01,3.33,11.36,False,17.72,,
2013-03-01,3.81,11.36,False,18.31,,
2013-04-01,4.17,11.64,False,17.71,,
2013-05-01,4.04,11.41,False,16.94,,
2013-06-01,3.83,11.32,False,17.69,,
2013-07-01,3.62,10.98,False,16.98,,
2013-08-01,3.43,10.97,False,17.0,,
2013-09-01,3.62,10.96,False,17.01,,
2013-10-01,3.68,10.93,False,16.49,,
2013-11-01,3.64,10.96,False,16.71,,
2013-12-01,4.24,10.99,False,17.72,,
2014-01-01,4.71,10.9,False,17.76,,
2014-02-01,6,10.83,False,17.96,,
2014-03-01,4.9,10.69,False,17.81,,
2014-04-01,4.66,10.79,False,17.67,,
2014-05-01,4.58,10.64,False,17.68,,
2014-06-01,4.59,10.52,False,17.51,,
2014-07-01,4.05,9.4,False,17.43,,
2014-08-01,3.91,10.38,False,16.23,,
2014-09-01,3.92,10.4,False,15.7,,
2014-10-01,3.78,10.4,False,15.23,,
2014-11-01,4.12,10.16,False,16.41,,
2014-12-01,3.48,10.45,False,16.58,,
2015-01-01,2.99,9.5,False,15.5,,
2015-02-01,2.87,9.29,False,14.69,,
2015-03-01,2.83,9.29,False,13.05,,
2015-04-01,2.61,7.39,False,11.02,,
2015-05-01,2.85,7.37,False,9.04,,
2015-06-01,2.78,7.3,False,8.79,,
2015-07-01,2.84,6.68,False,9.32,,
2015-08-01,2.77,6.66,False,10.16,,
2015-09-01,2.66,6.49,False,10.01,,
2015-10-01,2.34,6.01,False,10.37,,
2015-11-01,2.09,5.87,False,9.4,,
2015-12-01,1.93,5.81,False,10.15,,
2016-01-01,2.28,5.09,False,8.46,,
2016-02-01,1.99,4.79,False,7.99,,
2016-03-01,1.73,4.09,False,8.01,,
2016-04-01,1.92,4.02,False,6.68,,
2016-05-01,1.92,3.99,False,6.81,,
2016-06-01,2.59,4.04,False,7.08,,
2016-07-01,2.82,4.3,False,6.85,,
2016-08-01,2.82,4.25,False,7.42,,
2016-09-01,2.99,3.96,False,7.79,,
2016-10-01,2.98,4.01,False,7.93,,
2016-11-01,2.55,4.54,False,7.16,,
2016-12-01,3.59,5.16,False,7.09,,
2017-01-01,3.3,6.27813985858586,False,9.17409090909091,,
2017-02-01,2.85,6.10029830555555,False,7.128,,
2017-03-01,2.88,4.94502034782608,False,5.79478260869565,,
2017-04-01,3.1,5.03512731388889,False,5.7095,,
2017-05-01,3.15,5.07717077404447,False,5.7190625,,
2017-06-01,2.98,4.98381825297843,False,5.52363636363636,,
2017-07-01,2.98,5.09602758292347,False,5.63190476190476,,
2017-08-01,2.9,5.53605864288667,False,6.13086956521739,,
2017-09-01,2.98,6.04060639329964,False,7.08428571428571,,
2017-10-01,2.88,5.8925193535705,False,8.79272727272727,,
2017-11-01,3.01,6.73403752405179,False,9.57142857142857,,
2017-12-01,2.82,7.20979162558986,False,10.7090476190476,,
2018-01-01,3.87,6.6483033104452,False,11.6695652173913,,
2018-02-01,2.67,7.84103556202786,False,10.471,,
2018-03-01,2.69,8.53636130051361,False,8.46090909090909,,
2018-04-01,2.8,7.06473256709682,False,7.47523809523809,,
2018-05-01,2.8,7.46086307392455,False,8.61260869565217,,
2018-06-01,2.97,7.50442301005288,False,10.437619047619,,
2018-07-01,2.83,7.62106268282328,False,9.97227272727273,,
2018-08-01,2.96,8.10411407925839,False,10.5904347826087,,
2018-09-01,3,9.51888018341773,False,11.0905,,
2018-10-01,3.28,8.59591459921168,False,10.035652173913,,
2018-11-01,4.09,8.20449016673927,False,9.77727272727273,,
2018-12-01,4.04,7.89294582141602,False,8.95190476190476,,
2019-01-01,3.11,7.16106495279494,False,8.28565217391304,,
2019-02-01,2.69,5.98633856004478,False,6.501,,
2019-03-01,2.95,5.19718007325235,False,5.2452380952381,,
2019-04-01,2.65,4.95324985018727,False,5.0797619047619,,
2019-05-01,2.64,4.36018288772047,False,5.03326086956522,,
2019-06-01,2.4,3.4830359995733,False,4.38925,,
2019-07-01,2.37,3.59594390863893,False,4.41934782608696,,
2019-08-01,2.22,3.27019667685218,False,4.28022727272727,,
2019-09-01,2.56,3.08680458622908,False,5.05452380952381,,
2019-10-01,2.33,3.33972424571811,False,6.01739130434783,,
2019-11-01,2.65,4.78101952320268,False,5.45642857142857,,
2019-12-01,2.22,4.24354874414172,False,5.57340909090909,,
2020-01-01,2.02,3.626269711,False,4.913695652,,
2020-02-01,1.91,2.995477203,False,2.92025,,
2020-03-01,1.79,2.789823671,False,3.278863636,,
2020-04-01,1.74,2.083882202,False,2.126363636,,
2020-05-01,1.75,1.46261232,False,2.032142857,,
2020-06-01,1.63,1.647299982,False,2.050454545,,
2020-07-01,1.76,1.640862822,False,2.286956522,,
2020-08-01,2.3,2.611565546,False,3.625714286,,
2020-09-01,1.92,3.854995574,False,4.609772727,,
2020-10-01,2.39,4.813821635,False,6.121818182,,
2020-11-01,2.61,4.783507944,False,6.822142857,,
2020-12-01,2.58,5.828639183,False,11.60891304,,
2021-01-01,2.71,7.302820662,False,20.4152381,,
2021-02-01,5.35,6.171340829,False,7.16875,,
2021-03-01,2.62,6.205197385,False,6.443478261,,
2021-04-01,2.66,7.282723606,False,7.894130435,,
2021-05-01,2.91,9.004704035,False,10.0145,,
2021-06-01,3.26,10.32413911,False,12.01727273,,
2021-07-01,3.84,12.5242466,False,14.09681818,,
2021-08-01,4.07,15.27902912,False,16.64386364,,
2021-09-01,5.16,22.23282724,False,24.06295455,,
2021-10-01,5.51,29.81414289,False,35.0652381,,
2021-11-01,5.05,27.38382608,False,31.96357143,,
2021-12-01,3.76,37.36336306,False,37.41978261,,
2022-01-01,4.38,27.89094479,False,26.82833333,,
2022-02-01,4.69,26.98428134,False,27.82325,,
2022-03-01,4.9,41.72768831,False,38.73586957,,
2022-04-01,6.6,31.9898743,False,29.0147619,,
2022-05-01,8.14,27.46416643,False,21.93772727,,
2022-06-01,7.7,32.91260722,False,29.53818182,,
2022-07-01,7.28,51.14591252,False,41.1695,,
2022-08-01,8.81,69.97723933,False,54.1575,,
2022-09-01,7.88,55.1791274,False,44.68227273,,
2022-10-01,5.66,20.80663685,False,29.742,,
2022-11-01,5.45,28.79080462,False,25.21772727,,
2022-12-01,5.53,35.36873121,False,30.71714286,,
2023-01-01,3.27,33.191870325193676,True,20.68552632,,
2023-02-01,2.38,35.38465246434594,True,15.9625,,
2023-03-01,2.31,35.847725859437865,True,13.35043478,,
2023-04-01,2.16,30.10668334025617,True,12.01105263,,
2023-05-01,2.15,28.588313176828272,True,9.900681818,,
2023-06-01,2.18,33.65402453990459,True,10.10725,,
2023-07-01,2.55,33.596879358784335,True,10.88119048,,
2023-08-01,2.58,34.973976245592134,True,11.75295455,,
2023-09-01,2.64,29.87091768187613,True,13.1515,,
2023-10-01,2.98,32.440203740239276,True,15.29340909,,
2023-11-01,2.71,31.404414268902944,True,15.41380952,,
2023-12-01,2.52,29.021126332441874,True,13.05175,,
2024-01-01,3.18,31.7636251350012,True,10.01681818,92963.13451612905,80625.68516129033
2024-02-01,1.72,33.7308757679983,True,8.82225,77649.35172413792,88855.23310344826
2024-03-01,1.49,32.79202843707843,True,8.99325,71731.3841935484,75440.62645161289
2024-04-01,1.6,32.66919911300465,True,9.794,51209.68033333334,53752.573333333334
2024-05-01,2.12,32.848701790862776,True,10.847,37808.80806451613,46736.190967741924
2024-06-01,2.54,33.87117951730141,True,12.368,36888.77399999999,44643.479999999996
2024-07-01,2.07,28.630706898224663,True,11.995,36572.6829032258,35789.26870967742
2024-08-01,1.99,34.00707713296658,True,13.213,48211.24806451613,35758.51
2024-09-01,2.28,32.31391526894982,True,13.09,56787.61766666666,53865.54433333334
2024-10-01,2.2,35.36268285495526,True,13.113,77002.41483870968,64212.71225806451
2024-11-01,2.12,32.88201188765813,True,14.025,101577.63666666667,79841.27366666668
2024-12-01,3.01,34.55203620391563,True,14.225,95748.93677419356,86372.3064516129
2025-01-01,4.13,36.00415148492701,True,14.126,102588.94000000002,82405.3719354839
2025-02-01,4.19,33.984865446345246,True,14.721,90264.69464285714,80214.51857142858
2025-03-01,4.12,34.07596948360492,True,13.118,70553.72483870968,76966.64870967742
2025-04-01,3.42,39.34819468785749,True,11.569,49483.49066666667,61282.893000000004
2025-05-01,3.12,37.14706297097236,True,11.678,36720.58612903226,49404.31161290322
2025-06-01,3.02,37.30373228050418,True,12.963,26852.994999999995,42093.67133333333
2025-07-01,3.2,37.82959683498991,True,12.261,32750.45129032258,34906.18258064516
2025-08-01,2.91,39.91719542106093,True,11.521,45935.05064516129,37021.924838709674
2025-09-01,2.97,41.19178385204026,True,11.277,67021.986,44291.45933333334
2025-10-01,3.19,40.07363581628696,True,10.842,72396.99806451613,67646.54903225807
2025-11-01,3.79,48.02923315030073,True,11.067,88408.13900000001,85588.32799999998
2025-12-01,4.26,46.62564158997189,True,9.91,94961.52032258065,89143.57322580645
2026-01-01,7.72,49.509719346770716,True,10.435,91161.18741935484,91836.37838709677
2026-02-01,3.62,44.90502617341042,True,10.752,95573.62,83977.3107142857
2026-03-01,3.04,43.605797897678826,True,20.812,73524.74258064516,72716.80612903225
2026-04-01,2.77,52.05540292623241,True,16.569,59571.884,49594.61733333333
2026-05-01,2.94,52.901288069125556,True,18.101,44525.52806451613,37753.29129032257
2026-06-01,3.15,52.64276020044078,True,17.189,50281.987,36954.057
2026-07-01,2.89,56.21795242334678,True,19.562,38211.23387096775,33059.27225806452
